Uganda,Central Region,Buikwe
Uganda,Central Region,Bukomansimbi
Uganda,Central Region,Butambala
Uganda,Central Region,Buvuma
Uganda,Central Region,Gomba
Uganda,Central Region,Kalangala
Uganda,Central Region,Kalungu
Uganda,Central Region,Kampala
Uganda,Central Region,Kasanda
Uganda,Central Region,Kayunga
Uganda,Central Region,Kiboga
Uganda,Central Region,Kyankwanzi
Uganda,Central Region,Kyotera
Uganda,Central Region,Luweero
Uganda,Central Region,Lwengo
Uganda,Central Region,Lyantonde
Uganda,Central Region,Masaka
Uganda,Central Region,Mityana
Uganda,Central Region,Mpigi
Uganda,Central Region,Mubende
Uganda,Central Region,Mukono
Uganda,Central Region,Nakaseke
Uganda,Central Region,Nakasongola
Uganda,Central Region,Rakai
Uganda,Central Region,Sembabule
Uganda,Central Region,Wakiso
Uganda,Eastern Region,Amuria
Uganda,Eastern Region,Budaka
Uganda,Eastern Region,Bududa
Uganda,Eastern Region,Bugiri
Uganda,Eastern Region,Bugweri
Uganda,Eastern Region,Bukedea
Uganda,Eastern Region,Bukwo
Uganda,Eastern Region,Bulambuli
Uganda,Eastern Region,Busia
Uganda,Eastern Region,Butaleja
Uganda,Eastern Region,Butebo
Uganda,Eastern Region,Buyende
Uganda,Eastern Region,Iganga
Uganda,Eastern Region,Jinja
Uganda,Eastern Region,Kaberamaido
Uganda,Eastern Region,Kalaki
Uganda,Eastern Region,Kaliro
Uganda,Eastern Region,Kamuli
Uganda,Eastern Region,Kapchorwa
Uganda,Eastern Region,Kapelebyong
Uganda,Eastern Region,Katakwi
Uganda,Eastern Region,Kibuku
Uganda,Eastern Region,Kumi
Uganda,Eastern Region,Kween
Uganda,Eastern Region,Luuka
Uganda,Eastern Region,Manafwa
Uganda,Eastern Region,Mayuge
Uganda,Eastern Region,Mbale
Uganda,Eastern Region,Namayingo
Uganda,Eastern Region,Namisindwa
Uganda,Eastern Region,Namutumba
Uganda,Eastern Region,Ngora
Uganda,Eastern Region,Pallisa
Uganda,Eastern Region,Serere
Uganda,Eastern Region,Sironko
Uganda,Eastern Region,Soroti
Uganda,Eastern Region,Tororo
Uganda,Northern Region,Abim
Uganda,Northern Region,Adjumani
Uganda,Northern Region,Agago
Uganda,Northern Region,Alebtong
Uganda,Northern Region,Amolatar
Uganda,Northern Region,Amudat
Uganda,Northern Region,Amuru
Uganda,Northern Region,Apac
Uganda,Northern Region,Arua
Uganda,Northern Region,Dokolo
Uganda,Northern Region,Gulu
Uganda,Northern Region,Kaabong
Uganda,Northern Region,Karenga
Uganda,Northern Region,Kitgum
Uganda,Northern Region,Koboko
Uganda,Northern Region,Kole
Uganda,Northern Region,Kotido
Uganda,Northern Region,Kwania
Uganda,Northern Region,Lamwo
Uganda,Northern Region,Lira
Uganda,Northern Region,Madi-Okollo
Uganda,Northern Region,Maracha
Uganda,Northern Region,Moroto
Uganda,Northern Region,Moyo
Uganda,Northern Region,Nabilatuk
Uganda,Northern Region,Nakapiripirit
Uganda,Northern Region,Napak
Uganda,Northern Region,Nebbi
Uganda,Northern Region,Nwoya
Uganda,Northern Region,Obongi
Uganda,Northern Region,Omoro
Uganda,Northern Region,Otuke
Uganda,Northern Region,Oyam
Uganda,Northern Region,Pader
Uganda,Northern Region,Pakwach
Uganda,Northern Region,Terego
Uganda,Northern Region,Yumbe
Uganda,Northern Region,Zombo
Uganda,Western Region,Buhweju
Uganda,Western Region,Buliisa
Uganda,Western Region,Bundibugyo
Uganda,Western Region,Bunyangabu
Uganda,Western Region,Bushenyi
Uganda,Western Region,Hoima
Uganda,Western Region,Ibanda
Uganda,Western Region,Isingiro
Uganda,Western Region,Kabale
Uganda,Western Region,Kabarole
Uganda,Western Region,Kagadi
Uganda,Western Region,Kakumiro
Uganda,Western Region,Kamwenge
Uganda,Western Region,Kanungu
Uganda,Western Region,Kasese
Uganda,Western Region,Kazo
Uganda,Western Region,Kibaale
Uganda,Western Region,Kikuube
Uganda,Western Region,Kiruhura
Uganda,Western Region,Kiryandongo
Uganda,Western Region,Kisoro
Uganda,Western Region,Kitagwenda
Uganda,Western Region,Kyegegwa
Uganda,Western Region,Kyenjojo
Uganda,Western Region,Masindi
Uganda,Western Region,Mbarara
Uganda,Western Region,Mitooma
Uganda,Western Region,Ntoroko
Uganda,Western Region,Ntungamo
Uganda,Western Region,Rubanda
Uganda,Western Region,Rubirizi
Uganda,Western Region,Rukiga
Uganda,Western Region,Rukungiri
Uganda,Western Region,Rwampara
Uganda,Western Region,Sheema